"Composed name","River basin","Identifier","Names","genus","subfamily","family","suborder","order","subclass","class","subphylum","phylum","kingdom","superkingdom","Cluster"
"LGC_SF0602 Trachelyopterus galeatus","SF","0602","Trachelyopterus galeatus","Trachelyopterus",NA,NA,NA,NA,NA,NA,NA,NA,NA,NA,130
"LGC_SF0664 Prochilodus costatus","SF","0664","Prochilodus costatus","Prochilodus",NA,NA,NA,NA,NA,NA,NA,NA,NA,NA,86
"LGC_SF0671 Pseudopimelodus sp","SF","0671","Pseudopimelodus sp","Pseudopimelodus",NA,NA,NA,NA,NA,NA,NA,NA,NA,NA,124
"LGC_SF0708 Franciscodoras marmoratus","SF","0708","Franciscodoras marmoratus","Franciscodoras","subfamily of Doradidae","Doradidae","Siluroidei","Siluriformes","Neopterygii","Actinopteri","Craniata","Chordata","Metazoa","Eukaryota",127
"LGC_SF0739 Prochilodus argenteus","SF","0739","Prochilodus argenteus","Prochilodus",NA,NA,NA,NA,NA,NA,NA,NA,NA,NA,86
"LGC_SF0742 Prochilodus argenteus","SF","0742","Prochilodus argenteus","Prochilodus",NA,NA,NA,NA,NA,NA,NA,NA,NA,NA,86
"LGC_SF0749 Pimelodus maculatus","SF","0749","Pimelodus maculatus","Pimelodus",NA,NA,NA,NA,NA,NA,NA,NA,NA,NA,121
"LGC_SF0763 Myleus micans","SF","0763","Myleus micans","Myleus",NA,NA,NA,NA,NA,NA,NA,NA,NA,NA,84
"LGC_SF0772 Leporinus elongatus","SF","0772","Leporinus elongatus","Leporinus",NA,NA,NA,NA,NA,NA,NA,NA,NA,NA,81
"LGC_SF0779 Prochilodus argenteus","SF","0779","Prochilodus argenteus","Prochilodus",NA,NA,NA,NA,NA,NA,NA,NA,NA,NA,86
"LGC_SF0861 Pterygoplichthys etentaculatus","SF","0861","Pterygoplichthys etentaculatus","Pterygoplichthys",NA,NA,NA,NA,NA,NA,NA,NA,NA,NA,110
"LGC_SF0872 Serrasalmus brandtii","SF","0872","Serrasalmus brandtii","Serrasalmus",NA,NA,NA,NA,NA,NA,NA,NA,NA,NA,54
"LGC_SF0900 Curimatella lepidura","SF","0900","Curimatella lepidura","Curimatella",NA,NA,NA,NA,NA,NA,NA,NA,NA,NA,85
"LGC_SF0901 Tetragonopterus chalceus","SF","0901","Tetragonopterus chalceus","Tetragonopterus",NA,NA,NA,NA,NA,NA,NA,NA,NA,NA,63
"LGC_SF0907 Curimatella lepidura","SF","0907","Curimatella lepidura","Curimatella",NA,NA,NA,NA,NA,NA,NA,NA,NA,NA,85
"LGC_SF0916 Roeboides xenodon","SF","0916","Roeboides xenodon","Roeboides",NA,NA,NA,NA,NA,NA,NA,NA,NA,NA,59
"LGC_SF0917 Acestrorhynchus lacustris","SF","0917","Acestrorhynchus lacustris","Acestrorhynchus",NA,NA,NA,NA,NA,NA,NA,NA,NA,NA,43
"LGC_SF0925 Hypostomus alatus","SF","0925","Hypostomus alatus","Hypostomus",NA,NA,NA,NA,NA,NA,NA,NA,NA,NA,109
"LGC_SF0953 Schizodon knerii","SF","0953","Schizodon knerii","Schizodon",NA,NA,NA,NA,NA,NA,NA,NA,NA,NA,78
"LGC_SF0958 Leporinus piau","SF","0958","Leporinus piau","Leporinus",NA,NA,NA,NA,NA,NA,NA,NA,NA,NA,77
"LGC_SF0982 Leporinus macrocephalus","SF","0982","Leporinus macrocephalus","Leporinus",NA,NA,NA,NA,NA,NA,NA,NA,NA,NA,79
"LGC_SF0984 Tetragonopterus chalceus","SF","0984","Tetragonopterus chalceus","Tetragonopterus",NA,NA,NA,NA,NA,NA,NA,NA,NA,NA,63
"LGC_SF0985 Leporinus taeniatus","SF","0985","Leporinus taeniatus","Leporinus",NA,NA,NA,NA,NA,NA,NA,NA,NA,NA,77
"LGC_SF0986 Leporinus piau","SF","0986","Leporinus piau","Leporinus",NA,NA,NA,NA,NA,NA,NA,NA,NA,NA,77
"LGC_SF1003 Schizodon knerii","SF","1003","Schizodon knerii","Schizodon",NA,NA,NA,NA,NA,NA,NA,NA,NA,NA,78
"LGC_SF1005 Brycon orthotaenia","SF","1005","Brycon orthotaenia","Brycon",NA,NA,NA,NA,NA,NA,NA,NA,NA,NA,67
"LGC_SF1030 Pterygoplichthys etentaculatus","SF","1030","Pterygoplichthys etentaculatus","Pterygoplichthys",NA,NA,NA,NA,NA,NA,NA,NA,NA,NA,109
"LGC_SF1032 Leporinus elongatus","SF","1032","Leporinus elongatus","Leporinus",NA,NA,NA,NA,NA,NA,NA,NA,NA,NA,81
"LGC_SF1033 Leporinus elongatus","SF","1033","Leporinus elongatus","Leporinus",NA,NA,NA,NA,NA,NA,NA,NA,NA,NA,81
"LGC_SF1037 Brycon orthotaenia","SF","1037","Brycon orthotaenia","Brycon",NA,NA,NA,NA,NA,NA,NA,NA,NA,NA,67
"LGC_SF1041 Hypostomus alatus","SF","1041","Hypostomus alatus","Hypostomus",NA,NA,NA,NA,NA,NA,NA,NA,NA,NA,109
"LGC_SF1044 Astyanax cf fasciatus","SF","1044","Astyanax cf fasciatus","Astyanax",NA,NA,NA,NA,NA,NA,NA,NA,NA,NA,42
"LGC_SF1048 Astyanax cf fasciatus","SF","1048","Astyanax cf fasciatus","Astyanax",NA,NA,NA,NA,NA,NA,NA,NA,NA,NA,42
"LGC_SF1054 Cyphocharax gilbert","SF","1054","Cyphocharax gilbert","Cyphocharax",NA,NA,NA,NA,NA,NA,NA,NA,NA,NA,85
"LGC_SF1056 Cyphocharax gilbert","SF","1056","Cyphocharax gilbert","Cyphocharax",NA,NA,NA,NA,NA,NA,NA,NA,NA,NA,85
"LGC_SF1060 Characidium zebra","SF","1060","Characidium zebra","Characidium",NA,NA,NA,NA,NA,NA,NA,NA,NA,NA,72
"LGC_SF1072 Orthospinus franciscensis","SF","1072","Orthospinus franciscensis","Orthospinus",NA,NA,NA,NA,NA,NA,NA,NA,NA,NA,39
"LGC_SF1074 Moenkhausia costae","SF","1074","Moenkhausia costae","Moenkhausia",NA,NA,NA,NA,NA,NA,NA,NA,NA,NA,30
"LGC_SF1076 Odontostilbe sp","SF","1076","Odontostilbe sp","Odontostilbe",NA,NA,NA,NA,NA,NA,NA,NA,NA,NA,62
"LGC_SF1077 Odontostilbe sp","SF","1077","Odontostilbe sp","Odontostilbe",NA,NA,NA,NA,NA,NA,NA,NA,NA,NA,62
"LGC_SF1086 Serrapinnus piaba","SF","1086","Serrapinnus piaba","Serrapinnus",NA,NA,NA,NA,NA,NA,NA,NA,NA,NA,62
"LGC_SF1087 Serrapinnus piaba","SF","1087","Serrapinnus piaba","Serrapinnus",NA,NA,NA,NA,NA,NA,NA,NA,NA,NA,62
"LGC_SF1098 Pamphorichthys hollandi","SF","1098","Pamphorichthys hollandi","Pamphorichthys",NA,NA,NA,NA,NA,NA,NA,NA,NA,NA,22
"LGC_SF1099 Pamphorichthys hollandi","SF","1099","Pamphorichthys hollandi","Pamphorichthys",NA,NA,NA,NA,NA,NA,NA,NA,NA,NA,22
"LGC_SF1102 Microglanis leptostriatus","SF","1102","Microglanis leptostriatus","Microglanis",NA,NA,NA,NA,NA,NA,NA,NA,NA,NA,123
"LGC_SF1104 Microglanis leptostriatus","SF","1104","Microglanis leptostriatus","Microglanis",NA,NA,NA,NA,NA,NA,NA,NA,NA,NA,123
"LGC_SF1108 Hisonotus sp","SF","1108","Hisonotus sp","Hisonotus",NA,NA,NA,NA,NA,NA,NA,NA,NA,NA,106
"LGC_SF1109 Hisonotus sp","SF","1109","Hisonotus sp","Hisonotus",NA,NA,NA,NA,NA,NA,NA,NA,NA,NA,106
"LGC_SF1111 Moenkhausia sanctaefilomenae","SF","1111","Moenkhausia sanctaefilomenae","Moenkhausia",NA,NA,NA,NA,NA,NA,NA,NA,NA,NA,31
"LGC_SF1112 Moenkhausia sanctaefilomenae","SF","1112","Moenkhausia sanctaefilomenae","Moenkhausia",NA,NA,NA,NA,NA,NA,NA,NA,NA,NA,31
"LGC_SF1113 Moenkhausia sanctaefilomenae","SF","1113","Moenkhausia sanctaefilomenae","Moenkhausia",NA,NA,NA,NA,NA,NA,NA,NA,NA,NA,31
"LGC_SF1117 Eigenmannia virescens","SF","1117","Eigenmannia virescens","Eigenmannia",NA,NA,NA,NA,NA,NA,NA,NA,NA,NA,92
"LGC_SF1118 Eigenmannia virescens","SF","1118","Eigenmannia virescens","Eigenmannia",NA,NA,NA,NA,NA,NA,NA,NA,NA,NA,92
"LGC_SF1119 Eigenmannia virescens","SF","1119","Eigenmannia virescens","Eigenmannia",NA,NA,NA,NA,NA,NA,NA,NA,NA,NA,92
"LGC_SF1121 Sternopygus macrurus","SF","1121","Sternopygus macrurus","Sternopygus",NA,NA,NA,NA,NA,NA,NA,NA,NA,NA,91
"LGC_SF1124 Sternopygus macrurus","SF","1124","Sternopygus macrurus","Sternopygus",NA,NA,NA,NA,NA,NA,NA,NA,NA,NA,91
"LGC_SF1129 Crenicichla lepidota","SF","1129","Crenicichla lepidota","Crenicichla",NA,NA,NA,NA,NA,NA,NA,NA,NA,NA,17
"LGC_SF1130 Crenicichla lepidota","SF","1130","Crenicichla lepidota","Crenicichla",NA,NA,NA,NA,NA,NA,NA,NA,NA,NA,17
"LGC_SF1135 Pseudoplatystoma corruscans","SF","1135","Pseudoplatystoma corruscans","Pseudoplatystoma","subfamily of Pimelodidae","Pimelodidae","Siluroidei","Siluriformes","Neopterygii","Actinopteri","Craniata","Chordata","Metazoa","Eukaryota",119
"LGC_SF1136 Acestrorhynchus lacustris","SF","1136","Acestrorhynchus lacustris","Acestrorhynchus",NA,NA,NA,NA,NA,NA,NA,NA,NA,NA,43
"LGC_SF1141 Pterygoplichthys etentaculatus","SF","1141","Pterygoplichthys etentaculatus","Pterygoplichthys",NA,NA,NA,NA,NA,NA,NA,NA,NA,NA,109
"LGC_SF1145 Harttia sp","SF","1145","Harttia sp","Harttia",NA,NA,NA,NA,NA,NA,NA,NA,NA,NA,100
"LGC_SF1147 Pimelodus fur","SF","1147","Pimelodus fur","Pimelodus",NA,NA,NA,NA,NA,NA,NA,NA,NA,NA,121
"LGC_SF1150 Bryconamericus stramineus","SF","1150","Bryconamericus stramineus","Bryconamericus",NA,NA,NA,NA,NA,NA,NA,NA,NA,NA,61
"LGC_SF1151 Bryconamericus stramineus","SF","1151","Bryconamericus stramineus","Bryconamericus",NA,NA,NA,NA,NA,NA,NA,NA,NA,NA,61
"LGC_SF1152 Bryconamericus stramineus","SF","1152","Bryconamericus stramineus","Bryconamericus",NA,NA,NA,NA,NA,NA,NA,NA,NA,NA,61
"LGC_SF1153 Astyanax cf fasciatus","SF","1153","Astyanax cf fasciatus","Astyanax",NA,NA,NA,NA,NA,NA,NA,NA,NA,NA,42
"LGC_SF1156 Harttia sp","SF","1156","Harttia sp","Harttia",NA,NA,NA,NA,NA,NA,NA,NA,NA,NA,100
"LGC_SF1158 Bunocephalus sp","SF","1158","Bunocephalus sp","Bunocephalus",NA,NA,NA,NA,NA,NA,NA,NA,NA,NA,126
"LGC_SF1159 Bunocephalus sp","SF","1159","Bunocephalus sp","Bunocephalus",NA,NA,NA,NA,NA,NA,NA,NA,NA,NA,126
"LGC_SF1161 Imparfinis minutus","SF","1161","Imparfinis minutus","Imparfinis",NA,NA,NA,NA,NA,NA,NA,NA,NA,NA,115
"LGC_SF1162 Myleus micans","SF","1162","Myleus micans","Myleus",NA,NA,NA,NA,NA,NA,NA,NA,NA,NA,84
"LGC_SF1209 Hyphessobrycon santae","SF","1209","Hyphessobrycon santae","Hyphessobrycon",NA,NA,NA,NA,NA,NA,NA,NA,NA,NA,35
"LGC_SF1210 Hyphessobrycon santae","SF","1210","Hyphessobrycon santae","Hyphessobrycon",NA,NA,NA,NA,NA,NA,NA,NA,NA,NA,35
"LGC_SF1211 Hyphessobrycon santae","SF","1211","Hyphessobrycon santae","Hyphessobrycon",NA,NA,NA,NA,NA,NA,NA,NA,NA,NA,35
"LGC_SF1215 Hoplosternum littorale","SF","1215","Hoplosternum littorale","Hoplosternum",NA,NA,NA,NA,NA,NA,NA,NA,NA,NA,29
"LGC_SF1217 Australoheros facetus","SF","1217","Australoheros facetus","Australoheros",NA,NA,NA,NA,NA,NA,NA,NA,NA,NA,15
"LGC_SF1218 Australoheros facetus","SF","1218","Australoheros facetus","Australoheros",NA,NA,NA,NA,NA,NA,NA,NA,NA,NA,15
"LGC_SF1229 Pygocentrus piraya","SF","1229","Pygocentrus piraya","Pygocentrus",NA,NA,NA,NA,NA,NA,NA,NA,NA,NA,54
"LGC_SF1230 Serrasalmus brandtii","SF","1230","Serrasalmus brandtii","Serrasalmus",NA,NA,NA,NA,NA,NA,NA,NA,NA,NA,54
"LGC_SF1234 Hoplias malabaricus","SF","1234","Hoplias malabaricus","Hoplias",NA,NA,NA,NA,NA,NA,NA,NA,NA,NA,52
"LGC_SF1239 Astyanax lacustris","SF","1239","Astyanax lacustris","Astyanax",NA,NA,NA,NA,NA,NA,NA,NA,NA,NA,40
"LGC_SF1242 Australoheros facetus","SF","1242","Australoheros facetus","Australoheros",NA,NA,NA,NA,NA,NA,NA,NA,NA,NA,15
"LGC_SF1243 Trachelyopterus galeatus","SF","1243","Trachelyopterus galeatus","Trachelyopterus",NA,NA,NA,NA,NA,NA,NA,NA,NA,NA,130
"LGC_SF1245 Parodon hilarii","SF","1245","Parodon hilarii","Parodon",NA,NA,NA,NA,NA,NA,NA,NA,NA,NA,75
"LGC_SF1248 Gymnotus carapo","SF","1248","Gymnotus carapo","Gymnotus",NA,NA,NA,NA,NA,NA,NA,NA,NA,NA,88
"LGC_SF1264 Crenicichla lepidota","SF","1264","Crenicichla lepidota","Crenicichla",NA,NA,NA,NA,NA,NA,NA,NA,NA,NA,17
"LGC_SF1274 Hoplosternum littorale","SF","1274","Hoplosternum littorale","Hoplosternum",NA,NA,NA,NA,NA,NA,NA,NA,NA,NA,29
"LGC_SF1280 Pimelodus maculatus","SF","1280","Pimelodus maculatus","Pimelodus",NA,NA,NA,NA,NA,NA,NA,NA,NA,NA,121
"LGC_SF1281 Prochilodus costatus","SF","1281","Prochilodus costatus","Prochilodus",NA,NA,NA,NA,NA,NA,NA,NA,NA,NA,86
"LGC_SF1284 Steindachnerina elegans","SF","1284","Steindachnerina elegans","Steindachnerina",NA,NA,NA,NA,NA,NA,NA,NA,NA,NA,85
"LGC_SF1287 Pimelodella vittata","SF","1287","Pimelodella vittata","Pimelodella","subfamily of Heptapteridae","Heptapteridae","Siluroidei","Siluriformes","Neopterygii","Actinopteri","Craniata","Chordata","Metazoa","Eukaryota",113
"LGC_SF1288 Pimelodella vittata","SF","1288","Pimelodella vittata","Pimelodella","subfamily of Heptapteridae","Heptapteridae","Siluroidei","Siluriformes","Neopterygii","Actinopteri","Craniata","Chordata","Metazoa","Eukaryota",113
"LGC_SF1289 Pimelodella vittata","SF","1289","Pimelodella vittata","Pimelodella","subfamily of Heptapteridae","Heptapteridae","Siluroidei","Siluriformes","Neopterygii","Actinopteri","Craniata","Chordata","Metazoa","Eukaryota",113
"LGC_SF1306 Piabina argentea","SF","1306","Piabina argentea","Piabina",NA,NA,NA,NA,NA,NA,NA,NA,NA,NA,61
"LGC_SF1307 Piabina argentea","SF","1307","Piabina argentea","Piabina",NA,NA,NA,NA,NA,NA,NA,NA,NA,NA,61
"LGC_SF1308 Characidium sp","SF","1308","Characidium sp","Characidium",NA,NA,NA,NA,NA,NA,NA,NA,NA,NA,71
"LGC_SF1317 Leporinus taeniatus","SF","1317","Leporinus taeniatus","Leporinus",NA,NA,NA,NA,NA,NA,NA,NA,NA,NA,77
"LGC_SF1332 Parodon hilarii","SF","1332","Parodon hilarii","Parodon",NA,NA,NA,NA,NA,NA,NA,NA,NA,NA,75
"LGC_SF1333 Phenacogaster franciscoensis","SF","1333","Phenacogaster franciscoensis","Phenacogaster",NA,NA,NA,NA,NA,NA,NA,NA,NA,NA,58
"LGC_SF1334 Characidium sp","SF","1334","Characidium sp","Characidium",NA,NA,NA,NA,NA,NA,NA,NA,NA,NA,71
"LGC_SF1335 Characidium zebra","SF","1335","Characidium zebra","Characidium",NA,NA,NA,NA,NA,NA,NA,NA,NA,NA,72
"LGC_SF1337 Schizodon knerii","SF","1337","Schizodon knerii","Schizodon",NA,NA,NA,NA,NA,NA,NA,NA,NA,NA,78
"LGC_SF1339 Prochilodus costatus","SF","1339","Prochilodus costatus","Prochilodus",NA,NA,NA,NA,NA,NA,NA,NA,NA,NA,86
"LGC_SF1344 Leporinus reinhardti","SF","1344","Leporinus reinhardti","Leporinus",NA,NA,NA,NA,NA,NA,NA,NA,NA,NA,80
"LGC_SF1345 Pimelodus fur","SF","1345","Pimelodus fur","Pimelodus",NA,NA,NA,NA,NA,NA,NA,NA,NA,NA,121
"LGC_SF1346 Hoplias malabaricus","SF","1346","Hoplias malabaricus","Hoplias",NA,NA,NA,NA,NA,NA,NA,NA,NA,NA,52
"LGC_SF1361 Rhamdia quelen","SF","1361","Rhamdia quelen","Rhamdia",NA,NA,NA,NA,NA,NA,NA,NA,NA,NA,112
"LGC_SF1367 Planaltina myersi","SF","1367","Planaltina myersi","Planaltina","Glandulocaudinae","Characidae","Characoidei","Characiformes","Neopterygii","Actinopteri","Craniata","Chordata","Metazoa","Eukaryota",60
"LGC_SF1368 Phalloceros uai","SF","1368","Phalloceros uai","Phalloceros","Poeciliinae","Poeciliidae","Cyprinodontoidei","Cyprinodontiformes","Neopterygii","Actinopteri","Craniata","Chordata","Metazoa","Eukaryota",19
"LGC_SF1369 Phalloceros uai","SF","1369","Phalloceros uai","Phalloceros","Poeciliinae","Poeciliidae","Cyprinodontoidei","Cyprinodontiformes","Neopterygii","Actinopteri","Craniata","Chordata","Metazoa","Eukaryota",19
"LGC_SF1370 Imparfinis minutus","SF","1370","Imparfinis minutus","Imparfinis",NA,NA,NA,NA,NA,NA,NA,NA,NA,NA,115
"LGC_SF1371 Apareiodon ibitiensis","SF","1371","Apareiodon ibitiensis","Apareiodon",NA,NA,NA,NA,NA,NA,NA,NA,NA,NA,74
"LGC_SF1372 Cetopsorhamdia iheringi","SF","1372","Cetopsorhamdia iheringi","Cetopsorhamdia",NA,NA,NA,NA,NA,NA,NA,NA,NA,NA,114
"LGC_SF1373 Trichomycterus sp","SF","1373","Trichomycterus sp","Trichomycterus",NA,NA,NA,NA,NA,NA,NA,NA,NA,NA,96
"LGC_SF1377 Hoplias intermedius","SF","1377","Hoplias intermedius","Hoplias",NA,NA,NA,NA,NA,NA,NA,NA,NA,NA,50
"LGC_SF1379 Characidium lagosantense","SF","1379","Characidium lagosantense","Characidium",NA,NA,NA,NA,NA,NA,NA,NA,NA,NA,72
"LGC_SF1380 Hemigrammus cf gracilis","SF","1380","Hemigrammus cf gracilis","Hemigrammus",NA,NA,NA,NA,NA,NA,NA,NA,NA,NA,34
"LGC_SF1381 Characidium lagosantense","SF","1381","Characidium lagosantense","Characidium",NA,NA,NA,NA,NA,NA,NA,NA,NA,NA,72
"LGC_SF1384 Leporinus piau","SF","1384","Leporinus piau","Leporinus",NA,NA,NA,NA,NA,NA,NA,NA,NA,NA,77
"LGC_SF1400 Pimelodus pohli","SF","1400","Pimelodus pohli","Pimelodus",NA,NA,NA,NA,NA,NA,NA,NA,NA,NA,121
"LGC_SF1401 Pimelodus pohli","SF","1401","Pimelodus pohli","Pimelodus",NA,NA,NA,NA,NA,NA,NA,NA,NA,NA,121
"LGC_SF1403 Pimelodus pohli","SF","1403","Pimelodus pohli","Pimelodus",NA,NA,NA,NA,NA,NA,NA,NA,NA,NA,121
"LGC_SF1404 Synbranchus marmoratus","SF","1404","Synbranchus marmoratus","Synbranchus",NA,NA,NA,NA,NA,NA,NA,NA,NA,NA,4
"LGC_SF1405 Synbranchus marmoratus","SF","1405","Synbranchus marmoratus","Synbranchus",NA,NA,NA,NA,NA,NA,NA,NA,NA,NA,4
"LGC_JQ1547 Acinocheirodon melanogramma","JQ","1547","Acinocheirodon melanogramma","Acinocheirodon",NA,NA,NA,NA,NA,NA,NA,NA,NA,NA,21
"LGC_JQ1551 Phalloceros sp","JQ","1551","Phalloceros sp","Phalloceros","Poeciliinae","Poeciliidae","Cyprinodontoidei","Cyprinodontiformes","Neopterygii","Actinopteri","Craniata","Chordata","Metazoa","Eukaryota",21
"LGC_JQ1553 Leporinus taeniatus","JQ","1553","Leporinus taeniatus","Leporinus",NA,NA,NA,NA,NA,NA,NA,NA,NA,NA,77
"LGC_JQ1568 Corydoras sp","JQ","1568","Corydoras sp","Corydoras",NA,NA,NA,NA,NA,NA,NA,NA,NA,NA,28
"LGC_JQ1610 Gymnotus carapo","JQ","1610","Gymnotus carapo","Gymnotus",NA,NA,NA,NA,NA,NA,NA,NA,NA,NA,88
"LGC_JQ1631 Gymnotus carapo","JQ","1631","Gymnotus carapo","Gymnotus",NA,NA,NA,NA,NA,NA,NA,NA,NA,NA,88
"LGC_JQ1711 Hypostomus sp","JQ","1711","Hypostomus sp","Hypostomus",NA,NA,NA,NA,NA,NA,NA,NA,NA,NA,109
"LGC_JQ1762 Megaleporinus elongatus","JQ","1762","Megaleporinus elongatus","Megaleporinus",NA,NA,NA,NA,NA,NA,NA,NA,NA,NA,81
"LGC_JQ1765 Prochilodus hartii","JQ","1765","Prochilodus hartii","Prochilodus",NA,NA,NA,NA,NA,NA,NA,NA,NA,NA,86
"LGC_JQ1761 Megaleporinus elongatus","JQ","1761","Megaleporinus elongatus","Megaleporinus",NA,NA,NA,NA,NA,NA,NA,NA,NA,NA,81
"LGC_JQ1772 Hoplias brasiliensis","JQ","1772","Hoplias brasiliensis","Hoplias",NA,NA,NA,NA,NA,NA,NA,NA,NA,NA,50
"LGC_JQ1936 Delturus brevis","JQ","1936","Delturus brevis","Delturus",NA,NA,NA,NA,NA,NA,NA,NA,NA,NA,94
"LGC_JQ231 Steindachnerina elegans","JQ","231","Steindachnerina elegans","Steindachnerina",NA,NA,NA,NA,NA,NA,NA,NA,NA,NA,85
"LGC_JQ2643 Hoplosternum littorale","JQ","2643","Hoplosternum littorale","Hoplosternum",NA,NA,NA,NA,NA,NA,NA,NA,NA,NA,29
"LGC_JQ2860 Prochilodus costatus","JQ","2860","Prochilodus costatus","Prochilodus",NA,NA,NA,NA,NA,NA,NA,NA,NA,NA,86
"LGC_JQ2871 Colossoma macropomum","JQ","2871","Colossoma macropomum","Colossoma",NA,NA,NA,NA,NA,NA,NA,NA,NA,NA,83
"LGC_JQ2912 Anchoviella lepidentostole","JQ","2912","Anchoviella lepidentostole","Anchoviella",NA,NA,NA,NA,NA,NA,NA,NA,NA,NA,26
"LGC_JQ7906 Wertheimeria maculata","JQ","7906","Wertheimeria maculata","Wertheimeria",NA,NA,NA,NA,NA,NA,NA,NA,NA,NA,127
"LGC_JQ7893 Hypostomus nigrolineatus","JQ","7893","Hypostomus nigrolineatus","Hypostomus",NA,NA,NA,NA,NA,NA,NA,NA,NA,NA,109
"LGC_JQ2918 Lycengraulis grossidens","JQ","2918","Lycengraulis grossidens","Lycengraulis","Engraulinae","Engraulidae","Clupeoidei","Clupeiformes","Neopterygii","Actinopteri","Craniata","Chordata","Metazoa","Eukaryota",25
"LGC_JQ7890 Serrasalmus brandtii","JQ","7890","Serrasalmus brandtii","Serrasalmus",NA,NA,NA,NA,NA,NA,NA,NA,NA,NA,54
"LGC_JQ292 Cichlasoma facetum","JQ","292","Cichlasoma facetum","Cichlasoma",NA,NA,NA,NA,NA,NA,NA,NA,NA,NA,15
"LGC_JQ2932 Cichla kelberi","JQ","2932","Cichla kelberi","Cichla",NA,NA,NA,NA,NA,NA,NA,NA,NA,NA,14
"LGC_JQ2943 Eugerres brasilianus","JQ","2943","Eugerres brasilianus","Eugerres",NA,NA,NA,NA,NA,NA,NA,NA,NA,NA,5
"LGC_JQ2984 Hypomasticus steindachneri","JQ","2984","Hypomasticus steindachneri","Hypomasticus",NA,NA,NA,NA,NA,NA,NA,NA,NA,NA,76
"LGC_JQ2996 Steindachneridion amblyurum","JQ","2996","Steindachneridion amblyurum","Steindachneridion",NA,NA,NA,NA,NA,NA,NA,NA,NA,NA,120
"LGC_JQ0303 Geophagus brasiliensis","JQ","0303","Geophagus brasiliensis","Geophagus",NA,NA,NA,NA,NA,NA,NA,NA,NA,NA,12
"LGC_JQ0304 Geophagus brasiliensis","JQ","0304","Geophagus brasiliensis","Geophagus",NA,NA,NA,NA,NA,NA,NA,NA,NA,NA,12
"LGC_JQ3054 Rhamdia cf jequitinhonha","JQ","3054","Rhamdia cf jequitinhonha","Rhamdia",NA,NA,NA,NA,NA,NA,NA,NA,NA,NA,111
"LGC_JQ4196 Pareiorhaphis stephanus","JQ","4196","Pareiorhaphis stephanus","Pareiorhaphis","Neoplecostominae","Loricariidae","Loricarioidei","Siluriformes","Neopterygii","Actinopteri","Craniata","Chordata","Metazoa","Eukaryota",105
"LGC_JQ4290 Megaleporinus garmani","JQ","4290","Megaleporinus garmani","Megaleporinus",NA,NA,NA,NA,NA,NA,NA,NA,NA,NA,80
"LGC_JQ5612 Prochilodus argenteus","JQ","5612","Prochilodus argenteus","Prochilodus",NA,NA,NA,NA,NA,NA,NA,NA,NA,NA,86
"LGC_JQ5645 Rhamdia aff quelen","JQ","5645","Rhamdia aff quelen","Rhamdia",NA,NA,NA,NA,NA,NA,NA,NA,NA,NA,112
"LGC_JQ5650 Hypostomus sp","JQ","5650","Hypostomus sp","Hypostomus",NA,NA,NA,NA,NA,NA,NA,NA,NA,NA,109
"LGC_JQ5664 Hypomasticus steindachneri","JQ","5664","Hypomasticus steindachneri","Hypomasticus",NA,NA,NA,NA,NA,NA,NA,NA,NA,NA,76
"LGC_JQ5672 Astyanax cf lacustris","JQ","5672","Astyanax cf lacustris","Astyanax",NA,NA,NA,NA,NA,NA,NA,NA,NA,NA,40
"LGC_JQ5675 Trachelyopterus cf galeatus","JQ","5675","Trachelyopterus cf galeatus","Trachelyopterus",NA,NA,NA,NA,NA,NA,NA,NA,NA,NA,130
"LGC_JQ5693 Astyanax aff fasciatus","JQ","5693","Astyanax aff fasciatus","Astyanax",NA,NA,NA,NA,NA,NA,NA,NA,NA,NA,42
"LGC_JQ5694 Astyanax aff fasciatus","JQ","5694","Astyanax aff fasciatus","Astyanax",NA,NA,NA,NA,NA,NA,NA,NA,NA,NA,42
"LGC_JQ5695 Astyanax aff fasciatus","JQ","5695","Astyanax aff fasciatus","Astyanax",NA,NA,NA,NA,NA,NA,NA,NA,NA,NA,41
"LGC_JQ5703 Hypostomus sp","JQ","5703","Hypostomus sp","Hypostomus",NA,NA,NA,NA,NA,NA,NA,NA,NA,NA,108
"LGC_JQ5704 Hypostomus sp","JQ","5704","Hypostomus sp","Hypostomus",NA,NA,NA,NA,NA,NA,NA,NA,NA,NA,107
"LGC_JQ6261 Serrasalmus brandtii","JQ","6261","Serrasalmus brandtii","Serrasalmus",NA,NA,NA,NA,NA,NA,NA,NA,NA,NA,54
"LGC_JQ6583 Trachelyopterus striatulus","JQ","6583","Trachelyopterus striatulus","Trachelyopterus",NA,NA,NA,NA,NA,NA,NA,NA,NA,NA,130
"LGC_JQ6584 Australoheros sp","JQ","6584","Australoheros sp","Australoheros",NA,NA,NA,NA,NA,NA,NA,NA,NA,NA,13
"LGC_JQ6586 Steindachnerina elegans","JQ","6586","Steindachnerina elegans","Steindachnerina",NA,NA,NA,NA,NA,NA,NA,NA,NA,NA,85
"LGC_JQ6590 Cichla sp","JQ","6590","Cichla sp","Cichla",NA,NA,NA,NA,NA,NA,NA,NA,NA,NA,14
"LGC_JQ6630 Hoplias sp","JQ","6630","Hoplias sp","Hoplias",NA,NA,NA,NA,NA,NA,NA,NA,NA,NA,52
"LGC_JQ6633 Megaleporinus elongatus","JQ","6633","Megaleporinus elongatus","Megaleporinus",NA,NA,NA,NA,NA,NA,NA,NA,NA,NA,81
"LGC_JQ7033 Prochilodus hartii","JQ","7033","Prochilodus hartii","Prochilodus",NA,NA,NA,NA,NA,NA,NA,NA,NA,NA,86
"LGC_JQ7690 Oligosarcus macrolepis","JQ","7690","Oligosarcus macrolepis","Oligosarcus",NA,NA,NA,NA,NA,NA,NA,NA,NA,NA,42
"LGC_JQ7812 Moenkhausia costae","JQ","7812","Moenkhausia costae","Moenkhausia",NA,NA,NA,NA,NA,NA,NA,NA,NA,NA,30
"LGC_JQ7817 Wertheimeria maculata","JQ","7817","Wertheimeria maculata","Wertheimeria",NA,NA,NA,NA,NA,NA,NA,NA,NA,NA,127
"LGC_JQ7822 Hoplias malabaricus","JQ","7822","Hoplias malabaricus","Hoplias",NA,NA,NA,NA,NA,NA,NA,NA,NA,NA,52
"LGC_JQ7826 Hypomasticus steindachneri","JQ","7826","Hypomasticus steindachneri","Hypomasticus",NA,NA,NA,NA,NA,NA,NA,NA,NA,NA,76
"LGC_JQ7880 Astyanax lacustris","JQ","7880","Astyanax lacustris","Astyanax",NA,NA,NA,NA,NA,NA,NA,NA,NA,NA,40
"LGC_DC3015 Pimelodella sp.","DC","3015","Pimelodella sp.","Pimelodella","subfamily of Heptapteridae","Heptapteridae","Siluroidei","Siluriformes","Neopterygii","Actinopteri","Craniata","Chordata","Metazoa","Eukaryota",113
"LGC_DC3016 Pimelodella sp.","DC","3016","Pimelodella sp.","Pimelodella","subfamily of Heptapteridae","Heptapteridae","Siluroidei","Siluriformes","Neopterygii","Actinopteri","Craniata","Chordata","Metazoa","Eukaryota",113
"LGC_DC3528 Prochilodus costatus","DC","3528","Prochilodus costatus","Prochilodus",NA,NA,NA,NA,NA,NA,NA,NA,NA,NA,86
"LGC_DC3547 Oligosarcus argenteus","DC","3547","Oligosarcus argenteus","Oligosarcus",NA,NA,NA,NA,NA,NA,NA,NA,NA,NA,42
"LGC_DC4690 Astyanax lacustris","DC","4690","Astyanax lacustris","Astyanax",NA,NA,NA,NA,NA,NA,NA,NA,NA,NA,40
"LGC_DC4713 Pseudauchenipterus affinis","DC","4713","Pseudauchenipterus affinis","Pseudauchenipterus","Auchenipterinae","Auchenipteridae","Siluroidei","Siluriformes","Neopterygii","Actinopteri","Craniata","Chordata","Metazoa","Eukaryota",129
"LGC_DC5727 Trichomycterus alternatus","DC","5727","Trichomycterus alternatus","Trichomycterus",NA,NA,NA,NA,NA,NA,NA,NA,NA,NA,96
"LGC_DC5732 Trichomycterus cf. brasiliensis","DC","5732","Trichomycterus cf. brasiliensis","Trichomycterus",NA,NA,NA,NA,NA,NA,NA,NA,NA,NA,96
"LGC_DC7206 Salminus brasiliensis","DC","7206","Salminus brasiliensis","Salminus",NA,NA,NA,NA,NA,NA,NA,NA,NA,NA,65
"LGC_DC7357 Hypostomus affinis","DC","7357","Hypostomus affinis","Hypostomus",NA,NA,NA,NA,NA,NA,NA,NA,NA,NA,109
"LGC_DC7437 Hoplias gr. malabaricus","DC","7437","Hoplias gr. malabaricus","Hoplias",NA,NA,NA,NA,NA,NA,NA,NA,NA,NA,51
"LGC_DC7572 Prochilodus vimboides","DC","7572","Prochilodus vimboides","Prochilodus",NA,NA,NA,NA,NA,NA,NA,NA,NA,NA,86
"LGC_DC5745 Trichomycterus immaculatus","DC","5745","Trichomycterus immaculatus","Trichomycterus",NA,NA,NA,NA,NA,NA,NA,NA,NA,NA,96
"LGC_DC7526 Hypomasticus copelandii","DC","7526","Hypomasticus copelandii","Hypomasticus",NA,NA,NA,NA,NA,NA,NA,NA,NA,NA,76
"LGC_DC7529 Hypomasticus copelandii","DC","7529","Hypomasticus copelandii","Hypomasticus",NA,NA,NA,NA,NA,NA,NA,NA,NA,NA,76
"LGC_DC4964 Hypomasticus mormyrops","DC","4964","Hypomasticus mormyrops","Hypomasticus",NA,NA,NA,NA,NA,NA,NA,NA,NA,NA,76
"LGC_DC4965 Hypomasticus mormyrops","DC","4965","Hypomasticus mormyrops","Hypomasticus",NA,NA,NA,NA,NA,NA,NA,NA,NA,NA,76
"LGC_DC776EC Megaleporinus macrocephalus","DC","776EC","Megaleporinus macrocephalus","Megaleporinus",NA,NA,NA,NA,NA,NA,NA,NA,NA,NA,79
"LGC_DC4507 Glanidium botocudo","DC","4507","Glanidium botocudo","Glanidium",NA,NA,NA,NA,NA,NA,NA,NA,NA,NA,128
"LGC_DC3595 Pseudauchenipterus affinis","DC","3595","Pseudauchenipterus affinis","Pseudauchenipterus","Auchenipterinae","Auchenipteridae","Siluroidei","Siluriformes","Neopterygii","Actinopteri","Craniata","Chordata","Metazoa","Eukaryota",129
"LGC_DC1161EC Trachelyopterus striatulus","DC","1161EC","Trachelyopterus striatulus","Trachelyopterus",NA,NA,NA,NA,NA,NA,NA,NA,NA,NA,130
"LGC_DC1162EC Trachelyopterus striatulus","DC","1162EC","Trachelyopterus striatulus","Trachelyopterus",NA,NA,NA,NA,NA,NA,NA,NA,NA,NA,130
"LGC_DC3593 Trachelyopterus striatulus","DC","3593","Trachelyopterus striatulus","Trachelyopterus",NA,NA,NA,NA,NA,NA,NA,NA,NA,NA,130
"LGC_DC4637 Brycon dulcis","DC","4637","Brycon dulcis","Brycon",NA,NA,NA,NA,NA,NA,NA,NA,NA,NA,66
"LGC_DC7368 Hoplosternum littorale","DC","7368","Hoplosternum littorale","Hoplosternum",NA,NA,NA,NA,NA,NA,NA,NA,NA,NA,29
"LGC_DC7605 Hoplosternum littorale","DC","7605","Hoplosternum littorale","Hoplosternum",NA,NA,NA,NA,NA,NA,NA,NA,NA,NA,29
"LGC_DC7190 Cichla cf. kelberi","DC","7190","Cichla cf. kelberi","Cichla",NA,NA,NA,NA,NA,NA,NA,NA,NA,NA,14
"LGC_DC4979 Crenicichla (Lacustria) lacustris","DC","4979","Crenicichla (Lacustria) lacustris","Crenicichla",NA,NA,NA,NA,NA,NA,NA,NA,NA,NA,16
"LGC_DC3710 Pareiorhaphis sp.","DC","3710","Pareiorhaphis sp.","Pareiorhaphis","Neoplecostominae","Loricariidae","Loricarioidei","Siluriformes","Neopterygii","Actinopteri","Craniata","Chordata","Metazoa","Eukaryota",104
"LGC_DC8091 Knodus moenkhausi","DC","8091","Knodus moenkhausi","Knodus",NA,NA,NA,NA,NA,NA,NA,NA,NA,NA,60
"LGC_DC8095 Phalloceros uai","DC","8095","Phalloceros uai","Phalloceros","Poeciliinae","Poeciliidae","Cyprinodontoidei","Cyprinodontiformes","Neopterygii","Actinopteri","Craniata","Chordata","Metazoa","Eukaryota",19
"LGC_DC621EC Delturus carinotus","DC","621EC","Delturus carinotus","Delturus",NA,NA,NA,NA,NA,NA,NA,NA,NA,NA,93
"LGC_DC633EC Aequidens sp.","DC","633EC","Aequidens sp.","Aequidens",NA,NA,NA,NA,NA,NA,NA,NA,NA,NA,15
"LGC_DC975EC Harttia loricariformis","DC","975EC","Harttia loricariformis","Harttia",NA,NA,NA,NA,NA,NA,NA,NA,NA,NA,99
"LGC_DC976EC Harttia loricariformis","DC","976EC","Harttia loricariformis","Harttia",NA,NA,NA,NA,NA,NA,NA,NA,NA,NA,99
"LGC_DC1383EC Psalidodon aff. fasciatus","DC","1383EC","Psalidodon aff. fasciatus","Psalidodon","Stethaprioninae","Characidae","Characoidei","Characiformes","Neopterygii","Actinopteri","Craniata","Chordata","Metazoa","Eukaryota",57
"LGC_DC1384EC Deuterodon cf. taeniatus","DC","1384EC","Deuterodon cf. taeniatus","Deuterodon",NA,NA,NA,NA,NA,NA,NA,NA,NA,NA,56
"LGC_DC3699 Neoplecostomus doceensis","DC","3699","Neoplecostomus doceensis","Neoplecostomus",NA,NA,NA,NA,NA,NA,NA,NA,NA,NA,102
"LGC_DC5733 Neoplecostomus doceensis","DC","5733","Neoplecostomus doceensis","Neoplecostomus",NA,NA,NA,NA,NA,NA,NA,NA,NA,NA,102
"LGC_DC3564 Salminus brasiliensis","DC","3564","Salminus brasiliensis","Salminus",NA,NA,NA,NA,NA,NA,NA,NA,NA,NA,65
"LGC_DC4927 Geophagus brasiliensis","DC","4927","Geophagus brasiliensis","Geophagus",NA,NA,NA,NA,NA,NA,NA,NA,NA,NA,12
"LGC_DC4931 Harttia loricariformis","DC","4931","Harttia loricariformis","Harttia",NA,NA,NA,NA,NA,NA,NA,NA,NA,NA,99
"LGC_DC7149 Oligosarcus acutirostris","DC","7149","Oligosarcus acutirostris","Oligosarcus",NA,NA,NA,NA,NA,NA,NA,NA,NA,NA,42
"LGC_DC7612 Pygocentrus nattereri","DC","7612","Pygocentrus nattereri","Pygocentrus",NA,NA,NA,NA,NA,NA,NA,NA,NA,NA,54
"LGC_DC3017 Euryochus thysanos","DC","3017","Euryochus thysanos","Euryochus",NA,NA,NA,NA,NA,NA,NA,NA,NA,NA,103
"LGC_DC3018 Euryochus thysanos","DC","3018","Euryochus thysanos","Euryochus",NA,NA,NA,NA,NA,NA,NA,NA,NA,NA,103
"LGC_DC3691 Rhamdia aff. quelen","DC","3691","Rhamdia aff. quelen","Rhamdia",NA,NA,NA,NA,NA,NA,NA,NA,NA,NA,112
"LGC_DC3705 Trichomycterus alternatus","DC","3705","Trichomycterus alternatus","Trichomycterus",NA,NA,NA,NA,NA,NA,NA,NA,NA,NA,96
"LGC_DC5570 Geophagus brasiliensis","DC","5570","Geophagus brasiliensis","Geophagus",NA,NA,NA,NA,NA,NA,NA,NA,NA,NA,12
"LGC_DC5743 Pareiorhaphis sp.","DC","5743","Pareiorhaphis sp.","Pareiorhaphis","Neoplecostominae","Loricariidae","Loricarioidei","Siluriformes","Neopterygii","Actinopteri","Craniata","Chordata","Metazoa","Eukaryota",104
"LGC_DC8084 Deuterodon taeniatus","DC","8084","Deuterodon taeniatus","Deuterodon",NA,NA,NA,NA,NA,NA,NA,NA,NA,NA,56
"LGC_DC4656 Pygocentrus nattereri","DC","4656","Pygocentrus nattereri","Pygocentrus",NA,NA,NA,NA,NA,NA,NA,NA,NA,NA,54
"LGC_DC4553 Hoplias gr. malabaricus","DC","4553","Hoplias gr. malabaricus","Hoplias",NA,NA,NA,NA,NA,NA,NA,NA,NA,NA,51
"LGC_DC3540 Cichla cf. kelberi","DC","3540","Cichla cf. kelberi","Cichla",NA,NA,NA,NA,NA,NA,NA,NA,NA,NA,14
"LGC_DC7573 Prochilodus vimboides","DC","7573","Prochilodus vimboides","Prochilodus",NA,NA,NA,NA,NA,NA,NA,NA,NA,NA,86
"LGC_DC2673 Clarias gariepinnus","DC","2673","Clarias gariepinnus","Clarias",NA,NA,NA,NA,NA,NA,NA,NA,NA,NA,116
"LGC_DC7524 Lophiosilurus alexandri","DC","7524","Lophiosilurus alexandri","Lophiosilurus","subfamily of Pseudopimelodidae","Pseudopimelodidae","Siluroidei","Siluriformes","Neopterygii","Actinopteri","Craniata","Chordata","Metazoa","Eukaryota",122
"LGC_DC8085 Deuterodon taeniatus","DC","8085","Deuterodon taeniatus","Deuterodon",NA,NA,NA,NA,NA,NA,NA,NA,NA,NA,56
"LGC_DC4149 Phalloceros elachistos","DC","4149","Phalloceros elachistos","Phalloceros","Poeciliinae","Poeciliidae","Cyprinodontoidei","Cyprinodontiformes","Neopterygii","Actinopteri","Craniata","Chordata","Metazoa","Eukaryota",18
"LGC_DC7312 Pimelodus maculatus","DC","7312","Pimelodus maculatus","Pimelodus",NA,NA,NA,NA,NA,NA,NA,NA,NA,NA,121
"LGC_DC8036 Poecilia vivipara","DC","8036","Poecilia vivipara","Poecilia",NA,NA,NA,NA,NA,NA,NA,NA,NA,NA,20
"LGC_DC8052 Pareiorhaphis vetula","DC","8052","Pareiorhaphis vetula","Pareiorhaphis","Neoplecostominae","Loricariidae","Loricarioidei","Siluriformes","Neopterygii","Actinopteri","Craniata","Chordata","Metazoa","Eukaryota",104
"LGC_DC8026 Imparfinis sp.","DC","8026","Imparfinis sp.","Imparfinis",NA,NA,NA,NA,NA,NA,NA,NA,NA,NA,115
"LGC_DC7970 Characidium cricarense","DC","7970","Characidium cricarense","Characidium",NA,NA,NA,NA,NA,NA,NA,NA,NA,NA,70
"LGC_DC4489 Gymnotus aff. carapo","DC","4489","Gymnotus aff. carapo","Gymnotus",NA,NA,NA,NA,NA,NA,NA,NA,NA,NA,109
"LGC_DC8029 Characidium cricarense","DC","8029","Characidium cricarense","Characidium",NA,NA,NA,NA,NA,NA,NA,NA,NA,NA,70
"LGC_DC8097 Poecilia reticulata","DC","8097","Poecilia reticulata","Poecilia",NA,NA,NA,NA,NA,NA,NA,NA,NA,NA,21
"LGC_DC4701 Pogonopoma wertheimeri","DC","4701","Pogonopoma wertheimeri","Pogonopoma","Rhinelepinae","Loricariidae","Loricarioidei","Siluriformes","Neopterygii","Actinopteri","Craniata","Chordata","Metazoa","Eukaryota",97
"LGC_DC8028 Serrapinnus heterodon","DC","8028","Serrapinnus heterodon","Serrapinnus",NA,NA,NA,NA,NA,NA,NA,NA,NA,NA,62
"LGC_DC1839 Moenkhausia vittata","DC","1839","Moenkhausia vittata","Moenkhausia",NA,NA,NA,NA,NA,NA,NA,NA,NA,NA,38
"LGC_DC1645 Hypostomus cf. luetkeni","DC","1645","Hypostomus cf. luetkeni","Hypostomus",NA,NA,NA,NA,NA,NA,NA,NA,NA,NA,109
"LGC_DC8070 Psalidodon aff. fasciatus","DC","8070","Psalidodon aff. fasciatus","Psalidodon","Stethaprioninae","Characidae","Characoidei","Characiformes","Neopterygii","Actinopteri","Craniata","Chordata","Metazoa","Eukaryota",56
"LGC_DC8086 Psalidodon aff. fasciatus","DC","8086","Psalidodon aff. fasciatus","Psalidodon","Stethaprioninae","Characidae","Characoidei","Characiformes","Neopterygii","Actinopteri","Craniata","Chordata","Metazoa","Eukaryota",56
"LGC_DC7472 Hoplias intermedius","DC","7472","Hoplias intermedius","Hoplias",NA,NA,NA,NA,NA,NA,NA,NA,NA,NA,50
"LGC_DC4540 Cyphocharax gilbert","DC","4540","Cyphocharax gilbert","Cyphocharax",NA,NA,NA,NA,NA,NA,NA,NA,NA,NA,85
"LGC_DC8023 Serrapinnus heterodon","DC","8023","Serrapinnus heterodon","Serrapinnus",NA,NA,NA,NA,NA,NA,NA,NA,NA,NA,62
"LGC_DC1958 Trichomycterus tantalus","DC","1958","Trichomycterus tantalus","Trichomycterus",NA,NA,NA,NA,NA,NA,NA,NA,NA,NA,96
"LGC_DC1959 Trichomycterus tantalus","DC","1959","Trichomycterus tantalus","Trichomycterus",NA,NA,NA,NA,NA,NA,NA,NA,NA,NA,96
"LGC_DC2674 Clarias gariepinnus","DC","2674","Clarias gariepinnus","Clarias",NA,NA,NA,NA,NA,NA,NA,NA,NA,NA,116
"LGC_DC8102 Characidium krenak","DC","8102","Characidium krenak","Characidium",NA,NA,NA,NA,NA,NA,NA,NA,NA,NA,70
"LGC_DC7221 Oreochromis niloticus","DC","7221","Oreochromis niloticus","Oreochromis",NA,NA,NA,NA,NA,NA,NA,NA,NA,NA,10
"LGC_DC1046 Moenkhausia vittata","DC","1046","Moenkhausia vittata","Moenkhausia",NA,NA,NA,NA,NA,NA,NA,NA,NA,NA,38
"LGC_DC3747 Brycon opalinus","DC","3747","Brycon opalinus","Brycon",NA,NA,NA,NA,NA,NA,NA,NA,NA,NA,66
"LGC_DC7953 Coptodon rendalli","DC","7953","Coptodon rendalli","Coptodon",NA,NA,NA,NA,NA,NA,NA,NA,NA,NA,10
"LGC_DC8101 Characidium krenak","DC","8101","Characidium krenak","Characidium",NA,NA,NA,NA,NA,NA,NA,NA,NA,NA,70
"LGC_DC5719 Characidium sp.","DC","5719","Characidium sp.","Characidium",NA,NA,NA,NA,NA,NA,NA,NA,NA,NA,70
"LGC_DC5742 Characidium sp.","DC","5742","Characidium sp.","Characidium",NA,NA,NA,NA,NA,NA,NA,NA,NA,NA,70
"LGC_DC8063 Psalidodon gr. scabripinnis","DC","8063","Psalidodon gr. scabripinnis","Psalidodon","Stethaprioninae","Characidae","Characoidei","Characiformes","Neopterygii","Actinopteri","Craniata","Chordata","Metazoa","Eukaryota",42
"LGC_DC7379 Pimelodus maculatus","DC","7379","Pimelodus maculatus","Pimelodus",NA,NA,NA,NA,NA,NA,NA,NA,NA,NA,121
"LGC_DC7309 Hoplias intermedius","DC","7309","Hoplias intermedius","Hoplias",NA,NA,NA,NA,NA,NA,NA,NA,NA,NA,50
"LGC_DC4617 Gymnotus aff. carapo","DC","4617","Gymnotus aff. carapo","Gymnotus",NA,NA,NA,NA,NA,NA,NA,NA,NA,NA,88
"LGC_DC4582 Crenicichla (Lacustria) lacustris","DC","4582","Crenicichla (Lacustria) lacustris","Crenicichla",NA,NA,NA,NA,NA,NA,NA,NA,NA,NA,16
"LGC_DC7495 Pachyurus adspersus","DC","7495","Pachyurus adspersus","Pachyurus",NA,NA,NA,NA,NA,NA,NA,NA,NA,NA,8
"LGC_AZ0003A Moenkhausia conspicua","AZ","0003A","Moenkhausia conspicua","Moenkhausia",NA,NA,NA,NA,NA,NA,NA,NA,NA,NA,36
"LGC_AZ0015A Moenkhausia comma","AZ","0015A","Moenkhausia comma","Moenkhausia",NA,NA,NA,NA,NA,NA,NA,NA,NA,NA,37
"LGC_AZ0020A Anablepsoides urophthalmus","AZ","0020A","Anablepsoides urophthalmus","Anablepsoides",NA,NA,NA,NA,NA,NA,NA,NA,NA,NA,2
"LGC_AZ0028A Satanoperca jurupari","AZ","0028A","Satanoperca jurupari","Satanoperca",NA,NA,NA,NA,NA,NA,NA,NA,NA,NA,11
"LGC_AZ0055A Synbranchus madeirae","AZ","0055A","Synbranchus madeirae","Synbranchus",NA,NA,NA,NA,NA,NA,NA,NA,NA,NA,3
"LGC_AZ0069A Apistogramma taeniata","AZ","0069A","Apistogramma taeniata","Apistogramma",NA,NA,NA,NA,NA,NA,NA,NA,NA,NA,6
"LGC_AZ0084A Melanocharacidium dispilomma","AZ","0084A","Melanocharacidium dispilomma","Melanocharacidium","Characidiinae","Crenuchidae","Characoidei","Characiformes","Neopterygii","Actinopteri","Craniata","Chordata","Metazoa","Eukaryota",68
"LGC_AZ0089A Characidium pteroides","AZ","0089A","Characidium pteroides","Characidium",NA,NA,NA,NA,NA,NA,NA,NA,NA,NA,69
"LGC_AZ0102A Chilodus cf. puntactus","AZ","0102A","Chilodus cf. puntactus","Chilodus",NA,NA,NA,NA,NA,NA,NA,NA,NA,NA,53
"LGC_AZ0136A Erythrinus erythrinus","AZ","0136A","Erythrinus erythrinus","Erythrinus",NA,NA,NA,NA,NA,NA,NA,NA,NA,NA,49
"LGC_AZ0155A Crenuchus spirulus","AZ","0155A","Crenuchus spirulus","Crenuchus",NA,NA,NA,NA,NA,NA,NA,NA,NA,NA,47
"LGC_AZ0172A Sternopygus macrurus","AZ","0172A","Sternopygus macrurus","Sternopygus",NA,NA,NA,NA,NA,NA,NA,NA,NA,NA,91
"LGC_SF5322 Salminus franciscanus","SF","5322","Salminus franciscanus","Salminus",NA,NA,NA,NA,NA,NA,NA,NA,NA,NA,65
"LGC_SF5525 Salminus franciscanus","SF","5525","Salminus franciscanus","Salminus",NA,NA,NA,NA,NA,NA,NA,NA,NA,NA,65
"LGC_JQ7090 Nematocharax venustus","JQ","7090","Nematocharax venustus","Nematocharax",NA,NA,NA,NA,NA,NA,NA,NA,NA,NA,32
"LGC_SF4792 Clarias gariepinus","SF","4792","Clarias gariepinus","Clarias",NA,NA,NA,NA,NA,NA,NA,NA,NA,NA,116
"LGC_SF0758 Megaleporinus obtusidens","SF","0758","Megaleporinus obtusidens","Megaleporinus",NA,NA,NA,NA,NA,NA,NA,NA,NA,NA,81
"LGC_SF0759 Megaleporinus obtusidens","SF","0759","Megaleporinus obtusidens","Megaleporinus",NA,NA,NA,NA,NA,NA,NA,NA,NA,NA,81
"LGC_SF5831 Salminus hilarii","SF","5831","Salminus hilarii","Salminus",NA,NA,NA,NA,NA,NA,NA,NA,NA,NA,65
"LGC_SF2338 Salminus hilarii","SF","2338","Salminus hilarii","Salminus",NA,NA,NA,NA,NA,NA,NA,NA,NA,NA,65
"LGC_SF2306 Salminus hilarii","SF","2306","Salminus hilarii","Salminus",NA,NA,NA,NA,NA,NA,NA,NA,NA,NA,65
"LGC_SF1311 Serrapinnus heterodon","SF","1311","Serrapinnus heterodon","Serrapinnus",NA,NA,NA,NA,NA,NA,NA,NA,NA,NA,62
"LGC_SF1312 Serrapinnus heterodon","SF","1312","Serrapinnus heterodon","Serrapinnus",NA,NA,NA,NA,NA,NA,NA,NA,NA,NA,62
"LGC_SF1313 Serrapinnus heterodon","SF","1313","Serrapinnus heterodon","Serrapinnus",NA,NA,NA,NA,NA,NA,NA,NA,NA,NA,62
"LGC_SF2008 Apareiodon piracicabae","SF","2008","Apareiodon piracicabae","Apareiodon",NA,NA,NA,NA,NA,NA,NA,NA,NA,NA,74
"LGC_SF2011 Apareiodon piracicabae","SF","2011","Apareiodon piracicabae","Apareiodon",NA,NA,NA,NA,NA,NA,NA,NA,NA,NA,74
"LGC_SF2014 Apareiodon piracicabae","SF","2014","Apareiodon piracicabae","Apareiodon",NA,NA,NA,NA,NA,NA,NA,NA,NA,NA,74
"LGC_SF2591 Glanidium albescens","SF","2591","Glanidium albescens","Glanidium",NA,NA,NA,NA,NA,NA,NA,NA,NA,NA,128
"LGC_SF2507 Glanidium albescens","SF","2507","Glanidium albescens","Glanidium",NA,NA,NA,NA,NA,NA,NA,NA,NA,NA,128
"LGC_SF2584 Hypostomus francisci","SF","2584","Hypostomus francisci","Hypostomus",NA,NA,NA,NA,NA,NA,NA,NA,NA,NA,109
"LGC_SF2585 Hypostomus francisci","SF","2585","Hypostomus francisci","Hypostomus",NA,NA,NA,NA,NA,NA,NA,NA,NA,NA,109
"LGC_SF2586 Hypostomus francisci","SF","2586","Hypostomus francisci","Hypostomus",NA,NA,NA,NA,NA,NA,NA,NA,NA,NA,109
"LGC_JQ0439 Harttia garavelloi","JQ","0439","Harttia garavelloi","Harttia",NA,NA,NA,NA,NA,NA,NA,NA,NA,NA,99
"LGC_SF1207 Acestrorhynchus britskii","SF","1207","Acestrorhynchus britskii","Acestrorhynchus",NA,NA,NA,NA,NA,NA,NA,NA,NA,NA,43
"LGC_SF1296 Otocinclus xakriaba","SF","1296","Otocinclus xakriaba","Otocinclus",NA,NA,NA,NA,NA,NA,NA,NA,NA,NA,101
"LGC_SF1297 Otocinclus xakriaba","SF","1297","Otocinclus xakriaba","Otocinclus",NA,NA,NA,NA,NA,NA,NA,NA,NA,NA,101
"LGC_SF1382 Hemigrammus marginatus","SF","1382","Hemigrammus marginatus","Hemigrammus",NA,NA,NA,NA,NA,NA,NA,NA,NA,NA,33
"LGC_SF1398 Bryconops affinis","SF","1398","Bryconops affinis","Bryconops",NA,NA,NA,NA,NA,NA,NA,NA,NA,NA,48
"LGC_SF1399 Bryconops affinis","SF","1399","Bryconops affinis","Bryconops",NA,NA,NA,NA,NA,NA,NA,NA,NA,NA,48
"LGC_SF1941 Oreochromis niloticus","SF","1941","Oreochromis niloticus","Oreochromis",NA,NA,NA,NA,NA,NA,NA,NA,NA,NA,9
"LGC_SF2266 Oreochromis niloticus","SF","2266","Oreochromis niloticus","Oreochromis",NA,NA,NA,NA,NA,NA,NA,NA,NA,NA,10
"LGC_SF2359 Harttia torrenticola","SF","2359","Harttia torrenticola","Harttia",NA,NA,NA,NA,NA,NA,NA,NA,NA,NA,100
"LGC_SF2550 Glanidium albescens","SF","2550","Glanidium albescens","Glanidium",NA,NA,NA,NA,NA,NA,NA,NA,NA,NA,128
"LGC_SF2871 Colossoma macropomum","SF","2871","Colossoma macropomum","Colossoma",NA,NA,NA,NA,NA,NA,NA,NA,NA,NA,83
"LGC_SF2872 Colossoma macropomum","SF","2872","Colossoma macropomum","Colossoma",NA,NA,NA,NA,NA,NA,NA,NA,NA,NA,83
"LGC_SF3729 Lophiosilurus alexandri","SF","3729","Lophiosilurus alexandri","Lophiosilurus","subfamily of Pseudopimelodidae","Pseudopimelodidae","Siluroidei","Siluriformes","Neopterygii","Actinopteri","Craniata","Chordata","Metazoa","Eukaryota",122
"LGC_SF3736 Lophiosilurus alexandri","SF","3736","Lophiosilurus alexandri","Lophiosilurus","subfamily of Pseudopimelodidae","Pseudopimelodidae","Siluroidei","Siluriformes","Neopterygii","Actinopteri","Craniata","Chordata","Metazoa","Eukaryota",122
"LGC_SF3743 Lophiosilurus alexandri","SF","3743","Lophiosilurus alexandri","Lophiosilurus","subfamily of Pseudopimelodidae","Pseudopimelodidae","Siluroidei","Siluriformes","Neopterygii","Actinopteri","Craniata","Chordata","Metazoa","Eukaryota",122
"LGC_SF4813 Metynnis maculatus","SF","4813","Metynnis maculatus","Metynnis",NA,NA,NA,NA,NA,NA,NA,NA,NA,NA,82
"LGC_SF4831 Metynnis maculatus","SF","4831","Metynnis maculatus","Metynnis",NA,NA,NA,NA,NA,NA,NA,NA,NA,NA,82
"LGC_SF4845 Metynnis maculatus","SF","4845","Metynnis maculatus","Metynnis",NA,NA,NA,NA,NA,NA,NA,NA,NA,NA,82
"LGC_SF4861 Tilapia rendalli","SF","4861","Tilapia rendalli","Tilapia",NA,NA,NA,NA,NA,NA,NA,NA,NA,NA,9
"LGC_SF5524 Salminus franciscanus","SF","5524","Salminus franciscanus","Salminus",NA,NA,NA,NA,NA,NA,NA,NA,NA,NA,65
"LGC_JQ5636 Megaleporinus garmani","JQ","5636","Megaleporinus garmani","Megaleporinus",NA,NA,NA,NA,NA,NA,NA,NA,NA,NA,80
"LGC_SF1071 Orthospinus franciscensis","SF","1071","Orthospinus franciscensis","Orthospinus",NA,NA,NA,NA,NA,NA,NA,NA,NA,NA,39
"LGC_SF1179 Pachyurus squamipennis","SF","1179","Pachyurus squamipennis","Pachyurus",NA,NA,NA,NA,NA,NA,NA,NA,NA,NA,7
"LGC_SF1214 Callichthys callichthys","SF","1214","Callichthys callichthys","Callichthys",NA,NA,NA,NA,NA,NA,NA,NA,NA,NA,29
"LGC_JQ2015 Astyanax scabripinnis","JQ","2015","Astyanax scabripinnis","Astyanax",NA,NA,NA,NA,NA,NA,NA,NA,NA,NA,42
"LGC_JQ2022 Astyanax scabripinnis","JQ","2022","Astyanax scabripinnis","Astyanax",NA,NA,NA,NA,NA,NA,NA,NA,NA,NA,42
"LGC_JQ2026 Astyanax scabripinnis","JQ","2026","Astyanax scabripinnis","Astyanax",NA,NA,NA,NA,NA,NA,NA,NA,NA,NA,42
"LGC_SF2279 Callichthys callichthys","SF","2279","Callichthys callichthys","Callichthys",NA,NA,NA,NA,NA,NA,NA,NA,NA,NA,27
"LGC_SF2320 Callichthys callichthys","SF","2320","Callichthys callichthys","Callichthys",NA,NA,NA,NA,NA,NA,NA,NA,NA,NA,27
"LGC_SF5456 Salminus franciscanus","SF","5456","Salminus franciscanus","Salminus",NA,NA,NA,NA,NA,NA,NA,NA,NA,NA,65
"LGC_SF0684 Hypostomus macrops","SF","0684","Hypostomus macrops","Hypostomus",NA,NA,NA,NA,NA,NA,NA,NA,NA,NA,109
"LGC_SF0757 Megaleporinus obtusidens","SF","0757","Megaleporinus obtusidens","Megaleporinus",NA,NA,NA,NA,NA,NA,NA,NA,NA,NA,81
"LGC_SF0905 Roeboides xenodon","SF","0905","Roeboides xenodon","Roeboides",NA,NA,NA,NA,NA,NA,NA,NA,NA,NA,59
"LGC_SF0906 Curimatella lepidura","SF","0906","Curimatella lepidura","Curimatella",NA,NA,NA,NA,NA,NA,NA,NA,NA,NA,85
"LGC_DC8125 Trichogenes claviger","DC","8125","Trichogenes claviger","Trichogenes",NA,NA,NA,NA,NA,NA,NA,NA,NA,NA,95
"LGC_DC8126 Trichogenes claviger","DC","8126","Trichogenes claviger","Trichogenes",NA,NA,NA,NA,NA,NA,NA,NA,NA,NA,95
"LGC_DC8127 Trichogenes claviger","DC","8127","Trichogenes claviger","Trichogenes",NA,NA,NA,NA,NA,NA,NA,NA,NA,NA,95
"LGC_DC8128 Trichogenes claviger","DC","8128","Trichogenes claviger","Trichogenes",NA,NA,NA,NA,NA,NA,NA,NA,NA,NA,95
"LGC_DC8129 Trichogenes claviger","DC","8129","Trichogenes claviger","Trichogenes",NA,NA,NA,NA,NA,NA,NA,NA,NA,NA,95
"LGC_PD4349 Brycon vonoi","PD","4349","Brycon vonoi","Brycon",NA,NA,NA,NA,NA,NA,NA,NA,NA,NA,66
"LGC_PD4413 Brycon vonoi","PD","4413","Brycon vonoi","Brycon",NA,NA,NA,NA,NA,NA,NA,NA,NA,NA,66
"LGC_PD4324 Brycon vonoi","PD","4324","Brycon vonoi","Brycon",NA,NA,NA,NA,NA,NA,NA,NA,NA,NA,66
"LGC_PD5021 Brycon howesi","PD","5021","Brycon howesi","Brycon",NA,NA,NA,NA,NA,NA,NA,NA,NA,NA,66
"LGC_PD4993 Brycon howesi","PD","4993","Brycon howesi","Brycon",NA,NA,NA,NA,NA,NA,NA,NA,NA,NA,66
"LGC_PD5038 Brycon howesi","PD","5038","Brycon howesi","Brycon",NA,NA,NA,NA,NA,NA,NA,NA,NA,NA,66
"LGC_SF0001LB Anchoviella vaillanti","SF","0001LB","Anchoviella vaillanti","Anchoviella",NA,NA,NA,NA,NA,NA,NA,NA,NA,NA,24
"LGC_SF0002LB Anchoviella vaillanti","SF","0002LB","Anchoviella vaillanti","Anchoviella",NA,NA,NA,NA,NA,NA,NA,NA,NA,NA,24
"LGC_SF0003LB Anchoviella vaillanti","SF","0003LB","Anchoviella vaillanti","Anchoviella",NA,NA,NA,NA,NA,NA,NA,NA,NA,NA,24
"LGC_DC2250CT Steindachneridion doceanum","DC","2250CT","Steindachneridion doceanum","Steindachneridion",NA,NA,NA,NA,NA,NA,NA,NA,NA,NA,118
"LGC_DC2251CT Steindachneridion doceanum","DC","2251CT","Steindachneridion doceanum","Steindachneridion",NA,NA,NA,NA,NA,NA,NA,NA,NA,NA,118
"LGC_AZ0035A Hyphessobrycon ericae","AZ","0035A","Hyphessobrycon ericae","Hyphessobrycon",NA,NA,NA,NA,NA,NA,NA,NA,NA,NA,60
"LGC_AZ0049A Knodus savannensis","AZ","0049A","Knodus savannensis","Knodus",NA,NA,NA,NA,NA,NA,NA,NA,NA,NA,60
"LGC_AZ0052A Gymnorhamphichthys rondoni","AZ","0052A","Gymnorhamphichthys rondoni","Gymnorhamphichthys",NA,NA,NA,NA,NA,NA,NA,NA,NA,NA,87
"LGC_AZ0063A Copella nigrofasciata","AZ","0063A","Copella nigrofasciata","Copella",NA,NA,NA,NA,NA,NA,NA,NA,NA,NA,46
"LGC_AZ0067A Laimosemion dibaphus","AZ","0067A","Laimosemion dibaphus","Laimosemion",NA,NA,NA,NA,NA,NA,NA,NA,NA,NA,1
"LGC_AZ0076A Nannostomus marginatus","AZ","0076A","Nannostomus marginatus","Nannostomus",NA,NA,NA,NA,NA,NA,NA,NA,NA,NA,55
"LGC_AZ0078A Iguanodectes variatus","AZ","0078A","Iguanodectes variatus","Iguanodectes",NA,NA,NA,NA,NA,NA,NA,NA,NA,NA,64
"LGC_AZ0087A Hoplias malabaricus","AZ","0087A","Hoplias malabaricus","Hoplias",NA,NA,NA,NA,NA,NA,NA,NA,NA,NA,52
"LGC_AZ0091A Brachyglanis  microphtalmus","AZ","0091A","Brachyglanis  microphtalmus","Brachyglanis",NA,NA,NA,NA,NA,NA,NA,NA,NA,NA,117
"LGC_AZ0107A Knodus savannensis","AZ","0107A","Knodus savannensis","Knodus",NA,NA,NA,NA,NA,NA,NA,NA,NA,NA,60
"LGC_AZ0110A Farlowella cf. smith","AZ","0110A","Farlowella cf. smith","Farlowella",NA,NA,NA,NA,NA,NA,NA,NA,NA,NA,98
"LGC_AZ0115A Rhamdia quelen","AZ","0115A","Rhamdia quelen","Rhamdia",NA,NA,NA,NA,NA,NA,NA,NA,NA,NA,112
"LGC_AZ0118A Hoplias curupira","AZ","0118A","Hoplias curupira","Hoplias",NA,NA,NA,NA,NA,NA,NA,NA,NA,NA,52
"LGC_AZ0126A Apteronotus albifrons","AZ","0126A","Apteronotus albifrons","Apteronotus",NA,NA,NA,NA,NA,NA,NA,NA,NA,NA,89
"LGC_AZ0137A Helogenes marmoratus","AZ","0137A","Helogenes marmoratus","Helogenes",NA,NA,NA,NA,NA,NA,NA,NA,NA,NA,45
"LGC_AZ0150A Denticetopsis seducta","AZ","0150A","Denticetopsis seducta","Denticetopsis",NA,NA,NA,NA,NA,NA,NA,NA,NA,NA,44
"LGC_AZ0152A Copella nigrofasciata","AZ","0152A","Copella nigrofasciata","Copella",NA,NA,NA,NA,NA,NA,NA,NA,NA,NA,46
"LGC_AZ0158A Steatogenys duidae","AZ","0158A","Steatogenys duidae","Steatogenys",NA,NA,NA,NA,NA,NA,NA,NA,NA,NA,90
"LGC_AZ0162A Curimatopsis macrolepis","AZ","0162A","Curimatopsis macrolepis","Curimatopsis",NA,NA,NA,NA,NA,NA,NA,NA,NA,NA,73
"LGC_AZ0164A Bunocephalus cf. amaurus","AZ","0164A","Bunocephalus cf. amaurus","Bunocephalus",NA,NA,NA,NA,NA,NA,NA,NA,NA,NA,125
"LGC_AZ0186A Acestrorhynchus falcatus","AZ","0186A","Acestrorhynchus falcatus","Acestrorhynchus",NA,NA,NA,NA,NA,NA,NA,NA,NA,NA,43
"LGC_DC0457Y Lycengraulis sp","DC","0457Y","Lycengraulis sp","Lycengraulis","Engraulinae","Engraulidae","Clupeoidei","Clupeiformes","Neopterygii","Actinopteri","Craniata","Chordata","Metazoa","Eukaryota",23
"LGC_DC0490Y Lycengraulis sp","DC","0490Y","Lycengraulis sp","Lycengraulis","Engraulinae","Engraulidae","Clupeoidei","Clupeiformes","Neopterygii","Actinopteri","Craniata","Chordata","Metazoa","Eukaryota",23
"LGC_DC0447Y Lycengraulis sp","DC","0447Y","Lycengraulis sp","Lycengraulis","Engraulinae","Engraulidae","Clupeoidei","Clupeiformes","Neopterygii","Actinopteri","Craniata","Chordata","Metazoa","Eukaryota",23
